id,excluido,bmi,Family,estadiGrup,khorana,tipusTumor_HR,tipusTumor_VHR,rs2232698,rs6025,rs5985,rs4524,VTE
19,1,0,0,1,2.0,0,1,0,0,0,2,0
1,0,1,0,1,2.0,0,0,0,0,1,1,1
14,0,0,0,0,2.0,0,1,0,0,0,1,0
67,0,0,0,1,1.0,1,0,0,0,0,2,0
91,0,0,0,1,0.0,0,0,0,0,0,2,0
68,0,1,0,1,0.0,0,0,0,0,0,2,1
6,0,0,0,1,2.0,0,1,0,0,0,2,0
164,0,0,0,1,1.0,0,0,0,0,0,2,0
178,0,0,0,1,3.0,0,1,0,0,0,0,0
15,0,0,0,0,0.0,0,0,0,0,0,2,0
10,0,0,0,0,0.0,0,0,0,0,0,2,0
12,0,0,1,0,2.0,0,1,0,0,1,1,0
89,0,1,0,0,3.0,0,1,0,0,1,1,0
179,0,1,0,1,2.0,0,1,0,0,1,2,1
50,0,0,0,1,2.0,0,1,0,0,1,2,1
23,0,1,0,1,1.0,0,0,0,0,0,1,0
63,0,0,0,0,4.0,0,1,0,0,0,1,0
90,1,1,0,1,4.0,0,1,0,0,1,2,0
21,0,0,0,1,2.0,0,1,0,0,0,2,1
180,0,0,0,1,4.0,0,1,0,1,0,2,0
92,0,1,0,0,2.0,0,1,0,0,0,2,1
22,0,1,0,0,2.0,0,0,0,0,0,1,0
192,0,0,0,1,2.0,0,1,0,0,2,0,1
69,0,0,0,1,2.0,0,1,0,0,0,1,0
7,1,1,0,1,2.0,0,1,0,0,1,2,0
13,0,0,0,0,2.0,0,1,0,0,0,2,1
346,0,0,0,1,1.0,0,0,0,0,1,0,0
25,0,1,0,0,2.0,0,1,0,0,1,2,0
378,0,0,0,1,2.0,0,0,0,0,1,2,1
11,0,0,0,0,2.0,0,1,0,0,0,1,0
2,0,0,0,0,2.0,0,1,0,0,0,1,0
3,0,1,0,0,2.0,0,1,0,0,0,2,0
5,0,0,0,0,3.0,0,1,0,0,0,2,0
162,0,1,0,0,1.0,0,0,0,0,0,1,0
106,0,1,0,0,2.0,0,0,0,0,0,1,0
166,0,0,0,0,3.0,0,0,0,0,0,1,0
379,0,0,0,1,3.0,0,1,0,0,0,2,1
26,0,0,0,1,2.0,0,1,0,0,2,1,1
4,0,0,1,0,2.0,0,0,0,0,0,2,0
17,0,0,0,1,4.0,0,1,0,0,1,2,0
27,0,0,0,1,3.0,0,1,0,0,0,1,0
18,0,0,0,0,2.0,0,1,0,0,1,1,0
20,0,0,0,1,1.0,0,0,0,0,0,2,1
94,0,0,0,1,3.0,0,1,0,0,1,2,1
100,0,0,0,1,3.0,0,1,0,0,2,2,1
110,0,1,0,0,0.0,0,0,0,0,1,2,1
165,0,0,0,1,2.0,0,1,0,0,0,2,0
163,0,0,0,0,2.0,0,1,0,0,0,2,0
433,0,0,0,1,0.0,0,0,0,0,0,2,1
176,0,0,0,1,3.0,0,1,0,0,0,2,0
432,0,0,0,0,2.0,0,1,1,0,1,1,0
440,0,0,0,1,0.0,0,0,0,0,1,1,0
435,0,0,0,0,0.0,0,0,0,0,2,2,0
64,0,0,0,1,2.0,0,1,0,0,0,2,0
445,0,1,0,1,2.0,0,0,0,0,1,0,0
99,0,1,0,0,0.0,0,0,0,0,1,2,0
427,0,1,0,1,2.0,0,1,0,0,1,2,1
109,0,0,0,1,2.0,0,0,0,0,0,1,0
101,0,1,0,0,1.0,0,0,0,0,2,2,0
237,0,1,0,1,2.0,0,0,0,0,1,1,0
108,0,1,1,0,2.0,0,1,0,0,1,1,1
446,0,0,0,1,2.0,0,1,0,0,1,2,0
119,0,1,0,1,2.0,0,1,0,0,1,2,1
124,0,1,0,1,0.0,0,0,0,0,0,2,0
120,0,0,0,1,2.0,0,1,0,0,1,2,1
121,0,0,0,1,2.0,0,1,0,0,0,2,0
438,0,1,0,0,0.0,0,0,0,0,0,2,1
439,0,0,0,1,2.0,0,0,0,0,0,2,0
130,0,1,0,1,3.0,0,1,0,0,1,1,1
129,0,0,0,0,1.0,0,0,0,0,0,1,0
332,0,1,0,0,0.0,0,0,0,0,1,1,0
238,0,0,0,1,2.0,0,1,0,0,0,2,1
431,0,0,0,0,0.0,0,0,0,0,1,0,0
429,0,0,0,0,0.0,0,0,0,0,0,0,0
430,0,0,0,0,0.0,0,0,0,0,0,2,0
421,0,1,0,0,2.0,0,1,0,0,1,2,1
175,0,0,0,1,1.0,0,0,0,0,1,1,1
170,0,1,0,1,2.0,0,1,0,0,0,1,0
426,0,1,0,1,0.0,0,0,0,0,2,1,0
167,0,0,0,1,2.0,0,0,0,0,0,2,0
367,0,0,0,1,0.0,0,0,0,1,0,2,1
355,1,1,1,0,2.0,0,1,0,0,0,1,0
340,0,0,0,0,2.0,0,1,0,0,1,2,0
423,0,0,0,1,0.0,0,0,0,0,0,2,1
235,0,0,0,0,0.0,0,0,0,0,0,1,0
365,0,1,0,0,0.0,0,0,0,0,2,1,0
236,0,1,1,1,3.0,0,1,0,0,1,2,1
412,0,1,0,0,0.0,0,0,0,0,0,1,0
402,0,0,0,0,0.0,0,0,0,0,0,0,0
444,0,1,0,1,0.0,0,0,0,0,1,1,0
393,0,1,0,0,0.0,0,0,0,0,0,1,0
361,0,0,0,0,2.0,0,0,0,0,0,2,0
414,0,1,0,0,3.0,0,1,0,0,0,2,0
221,0,0,0,1,2.0,0,1,0,0,0,1,1
406,0,0,0,1,3.0,0,1,0,0,1,2,0
357,0,0,0,1,3.0,0,1,0,0,1,1,1
369,0,0,1,1,2.0,0,1,0,0,1,2,1
443,0,1,0,0,0.0,0,0,0,0,2,2,0
366,0,0,0,0,0.0,0,0,0,0,1,2,0
434,0,1,0,1,0.0,0,0,0,0,0,1,0
436,0,0,0,1,4.0,0,1,0,0,0,2,0
228,0,0,0,0,4.0,0,1,0,0,1,2,1
230,0,0,0,1,3.0,0,1,0,0,0,1,0
229,0,0,0,1,2.0,0,1,0,0,0,0,0
231,0,1,0,1,2.0,0,0,0,0,2,2,0
232,0,1,0,0,0.0,0,0,0,0,1,1,0
442,0,0,0,0,0.0,0,0,0,0,1,2,0
233,0,0,0,0,2.0,0,1,0,0,0,1,0
404,0,1,0,0,0.0,0,0,0,0,0,2,0
407,0,0,0,1,0.0,0,0,0,0,1,2,0
405,0,1,1,1,4.0,0,1,0,0,1,2,1
331,1,0,0,1,2.0,0,1,0,0,1,2,0
356,0,1,0,0,3.0,0,0,0,0,0,1,0
362,0,0,0,0,1.0,0,0,0,0,1,2,0
380,0,1,0,1,0.0,0,0,1,0,1,1,0
441,0,1,0,1,3.0,0,1,0,0,1,1,1
324,0,1,0,0,0.0,0,0,0,0,0,2,0
326,0,1,0,1,2.0,0,1,0,0,0,2,0
325,0,0,0,0,2.0,0,1,0,0,0,1,1
410,0,0,0,1,2.0,0,1,0,0,1,2,0
413,1,0,0,1,2.0,0,1,0,0,0,2,0
368,0,1,0,1,2.0,0,1,0,0,0,2,0
333,0,1,0,1,0.0,0,0,0,0,1,2,0
329,0,0,0,1,3.0,0,1,0,0,1,1,0
330,0,0,0,0,3.0,0,1,0,0,1,2,0
353,0,0,0,0,3.0,0,0,0,0,0,1,1
354,0,1,0,0,0.0,0,0,0,0,0,1,0
387,0,1,0,1,0.0,0,0,0,0,1,1,0
388,1,1,0,1,0.0,0,0,0,0,0,1,1
397,0,0,0,1,3.0,0,1,0,0,1,2,1
408,0,1,0,0,1.0,0,0,0,0,1,1,0
32,0,1,0,1,4.0,0,1,0,1,0,1,0
33,0,0,0,1,3.0,1,0,0,0,1,1,0
34,0,1,0,1,2.0,1,0,0,0,1,1,0
35,0,1,0,1,1.0,1,0,0,0,1,1,0
36,0,0,0,1,2.0,0,1,0,0,0,2,0
37,0,1,0,1,1.0,1,0,0,0,2,2,0
38,0,1,0,1,1.0,1,0,0,0,0,2,1
39,0,0,0,0,2.0,0,1,0,0,0,2,0
40,0,1,0,1,1.0,1,0,0,0,0,2,0
41,0,0,0,1,0.0,0,0,0,0,1,2,0
42,0,1,0,1,1.0,0,0,0,0,1,2,0
43,0,1,0,1,1.0,0,0,0,0,1,2,0
44,0,1,0,0,2.0,0,1,0,0,1,0,0
93,1,1,0,0,2.0,0,1,0,0,0,1,0
105,0,0,0,0,1.0,0,0,0,0,1,1,0
113,0,0,0,0,3.0,0,1,0,0,0,1,0
122,0,1,0,0,1.0,0,0,0,0,0,2,0
128,0,1,0,1,2.0,0,1,0,0,1,1,0
227,0,1,0,0,0.0,0,0,0,0,1,1,0
239,0,1,0,1,3.0,0,1,0,0,0,0,0
240,0,0,0,0,2.0,0,1,0,0,1,2,0
241,0,0,0,0,2.0,0,1,0,0,0,1,0
242,0,1,0,1,2.0,0,1,0,0,0,2,0
267,0,1,0,0,1.0,0,0,0,0,0,2,0
268,0,1,0,0,3.0,0,1,0,0,0,0,0
272,0,1,0,1,3.0,0,1,0,0,0,2,1
271,0,0,0,0,0.0,0,0,0,0,0,2,0
273,0,0,0,0,2.0,0,1,0,0,0,2,0
283,0,1,0,0,0.0,0,0,0,0,0,1,0
303,0,1,0,0,3.0,1,0,0,1,0,2,0
304,0,1,0,0,0.0,0,0,0,0,0,2,0
305,0,1,0,1,0.0,0,0,0,0,0,2,1
311,0,1,0,0,1.0,1,0,0,0,1,0,0
312,0,0,0,0,0.0,0,0,0,0,0,0,0
328,0,0,0,1,3.0,0,1,0,0,1,2,0
363,0,1,0,0,1.0,0,0,1,0,0,1,1
364,0,0,0,1,0.0,0,0,0,0,1,0,0
371,0,0,0,0,4.0,0,1,1,0,0,2,1
372,0,1,0,0,1.0,0,0,0,0,0,1,0
389,0,0,0,0,2.0,0,1,0,0,2,2,0
395,0,1,0,0,0.0,0,0,0,0,0,1,0
399,0,1,0,0,0.0,0,0,0,0,2,2,0
400,0,0,0,1,3.0,0,1,0,0,1,0,0
51,0,1,0,0,0.0,0,0,0,0,0,1,1
52,0,1,0,0,2.0,0,1,0,0,1,0,0
53,0,0,0,0,0.0,0,0,0,0,1,2,1
54,0,0,0,0,2.0,0,1,0,0,0,2,0
55,0,1,0,1,2.0,0,1,0,0,0,2,1
56,0,0,0,0,3.0,0,1,0,0,1,2,0
57,0,1,0,1,2.0,0,1,0,0,0,1,0
58,0,0,0,0,2.0,0,1,0,0,1,1,0
59,0,1,0,1,3.0,0,1,0,0,0,1,0
60,0,0,0,1,2.0,0,0,0,0,2,1,1
61,0,1,0,1,2.0,0,1,0,0,0,1,1
62,0,1,0,0,0.0,0,0,0,0,0,1,0
66,0,1,0,0,3.0,0,1,0,0,1,1,0
95,0,1,0,0,1.0,0,0,0,0,0,2,1
96,0,0,0,1,2.0,0,0,0,0,1,2,0
97,0,0,0,0,2.0,0,1,0,0,0,2,1
98,0,1,0,1,0.0,0,0,0,0,0,2,0
201,0,0,0,1,3.0,0,1,0,0,0,2,0
159,0,1,0,0,1.0,0,0,0,0,1,1,0
157,0,0,0,1,2.0,0,1,0,0,0,2,0
160,0,0,0,0,1.0,0,0,0,0,0,1,0
131,0,1,0,0,0.0,0,0,0,0,0,2,0
133,0,1,0,0,0.0,0,0,0,0,0,2,1
140,0,0,0,0,0.0,0,0,0,0,0,2,0
132,0,0,0,1,0.0,0,0,0,0,1,2,0
134,0,0,0,0,0.0,0,0,0,0,0,2,0
139,0,1,0,0,0.0,0,0,0,1,1,1,0
200,0,1,0,1,0.0,0,0,0,0,1,1,0
202,0,1,0,0,0.0,0,0,0,0,0,1,0
203,0,0,0,0,2.0,0,1,0,0,1,2,0
204,0,0,0,0,2.0,0,1,0,0,0,2,0
205,0,0,0,0,0.0,0,0,0,0,1,2,0
206,1,1,0,0,1.0,0,0,0,0,0,2,0
207,0,0,0,0,2.0,0,1,0,0,0,2,0
208,0,1,0,0,1.0,0,0,0,0,1,2,0
216,0,0,0,0,0.0,0,0,0,0,1,2,0
209,0,1,0,1,0.0,0,0,0,0,1,1,1
210,0,0,0,0,0.0,0,0,0,0,1,2,0
211,0,0,0,1,4.0,0,1,0,0,0,2,0
212,0,0,0,0,1.0,0,0,0,0,0,2,0
213,0,0,0,0,3.0,0,0,0,0,0,2,0
214,0,1,0,0,0.0,0,0,0,0,0,1,0
215,0,0,1,0,1.0,0,0,0,0,1,2,0
306,0,0,0,1,2.0,0,1,0,0,2,1,0
307,0,1,0,0,1.0,0,0,0,0,0,2,0
314,0,0,0,0,0.0,0,0,0,0,1,2,0
313,1,1,0,0,0.0,0,0,0,0,0,1,0
315,0,1,0,1,0.0,0,0,0,0,2,1,0
316,0,0,0,0,0.0,0,0,0,0,0,1,0
317,0,0,0,1,0.0,0,0,0,0,0,2,0
318,0,1,0,0,3.0,0,1,0,0,0,1,0
319,0,1,0,0,0.0,0,0,0,0,1,2,0
336,0,0,0,1,0.0,0,0,0,0,0,2,0
337,0,0,0,0,0.0,0,0,0,0,0,2,0
347,0,1,0,0,0.0,0,0,0,0,0,2,0
390,0,1,0,1,0.0,0,0,0,0,1,2,0
394,0,0,0,0,0.0,0,0,0,0,0,1,0
401,0,1,0,0,2.0,0,1,0,0,0,2,1
398,0,0,0,0,0.0,0,0,0,0,1,2,0
411,0,1,0,0,2.0,0,1,0,0,0,1,1
70,0,1,0,0,4.0,1,0,0,0,0,2,0
71,0,0,0,0,2.0,1,0,0,0,1,1,0
72,0,0,0,0,2.0,1,0,0,0,0,2,0
73,0,0,0,0,4.0,1,0,0,0,0,2,0
74,0,0,0,0,2.0,0,1,0,0,1,2,0
75,0,1,0,0,2.0,1,0,0,0,0,1,0
76,1,0,0,1,4.0,1,0,0,0,0,1,1
77,0,0,0,1,3.0,1,0,0,1,0,2,0
78,0,1,0,1,1.0,1,0,0,0,0,1,0
79,0,0,0,1,2.0,1,0,0,0,0,2,1
80,0,0,0,0,3.0,1,0,0,0,0,2,0
81,0,1,0,1,2.0,1,0,0,0,1,1,0
82,0,1,0,0,2.0,1,0,0,0,0,2,0
83,0,1,0,0,3.0,1,0,0,0,0,2,1
84,0,0,0,1,2.0,1,0,0,0,1,2,0
85,0,0,0,1,3.0,1,0,1,0,1,2,0
86,0,0,0,1,1.0,1,0,1,0,1,1,1
87,0,0,0,0,1.0,1,0,0,0,0,2,0
88,0,0,0,0,1.0,1,0,0,0,0,1,0
295,0,0,0,1,2.0,0,1,0,0,0,2,0
299,0,0,0,0,0.0,0,0,0,0,0,1,0
300,0,1,0,1,2.0,0,1,0,0,0,2,0
301,0,0,0,0,2.0,0,1,0,0,1,2,0
302,0,0,0,0,2.0,0,1,0,0,0,2,0
323,0,1,0,1,1.0,0,0,0,0,1,2,0
327,0,1,0,1,4.0,0,0,0,0,0,2,0
339,0,0,0,0,2.0,0,1,0,0,0,2,0
348,0,1,0,0,0.0,0,0,0,0,0,2,0
385,0,1,0,0,0.0,0,0,0,0,0,1,0
386,0,1,0,0,1.0,0,0,0,0,0,2,0
396,0,1,0,1,3.0,0,1,0,0,0,1,0
28,0,0,0,1,1.0,1,0,0,0,1,1,0
30,0,1,0,1,1.0,1,0,0,0,0,2,0
31,0,1,0,1,2.0,1,0,0,0,0,2,0
45,0,0,0,1,4.0,0,1,0,0,0,2,0
46,0,1,0,0,1.0,1,0,0,0,1,2,0
47,0,0,0,1,3.0,1,0,0,0,0,2,0
48,0,1,0,1,1.0,1,0,0,0,0,1,0
49,0,0,0,1,1.0,1,0,0,0,1,2,0
114,0,1,0,1,2.0,1,0,0,0,1,2,0
115,0,1,0,1,1.0,1,0,0,0,2,2,0
117,0,0,0,0,1.0,1,0,0,0,2,2,0
118,0,0,0,1,1.0,1,0,0,0,1,2,1
125,0,1,0,1,3.0,1,0,1,0,0,1,1
127,0,1,0,1,1.0,1,0,0,0,1,1,0
161,0,1,1,0,2.0,1,0,0,0,0,2,0
217,0,1,0,0,1.0,1,0,0,0,0,2,0
218,1,0,0,1,2.0,1,0,0,0,0,2,1
219,0,0,1,0,2.0,1,0,0,0,0,2,0
220,0,0,0,1,1.0,1,0,0,0,1,1,0
225,0,1,0,0,1.0,1,0,0,0,0,1,0
226,0,1,0,0,3.0,1,0,0,0,0,2,1
275,0,1,0,1,1.0,1,0,0,0,2,2,1
276,0,1,0,0,2.0,1,0,0,0,1,2,0
277,0,1,1,0,2.0,1,0,0,0,0,2,0
334,0,1,0,0,1.0,1,0,0,0,1,2,0
335,0,1,0,0,1.0,1,0,0,0,0,2,0
135,0,1,0,0,1.0,0,0,0,0,1,2,0
137,0,0,1,0,1.0,0,0,0,0,0,1,0
138,0,1,0,1,2.0,0,0,0,0,0,1,1
144,0,1,0,1,1.0,0,0,0,0,0,1,0
148,0,1,0,1,2.0,0,0,0,0,0,1,0
141,0,0,0,0,1.0,0,0,0,0,1,2,0
142,0,1,0,0,1.0,0,0,0,0,1,2,0
143,0,0,1,0,0.0,0,0,0,0,0,1,1
147,0,1,0,0,0.0,0,0,0,0,1,2,0
145,0,1,0,0,0.0,0,0,0,0,1,2,0
149,0,0,0,0,0.0,0,0,0,0,0,2,0
146,0,1,1,1,0.0,0,0,0,0,1,2,0
150,0,0,1,0,1.0,0,0,0,0,1,2,0
152,0,1,0,0,0.0,0,0,0,0,1,2,0
158,0,1,0,0,0.0,0,0,0,0,0,0,0
153,0,1,0,1,2.0,0,0,0,0,1,2,1
154,0,0,0,0,0.0,0,0,0,0,0,1,0
155,0,0,1,1,1.0,0,0,0,0,0,1,0
156,0,0,0,1,0.0,0,0,0,0,0,2,0
182,0,1,0,0,1.0,1,0,0,0,1,1,0
183,0,1,0,1,1.0,1,0,0,0,1,2,0
184,0,1,0,0,3.0,1,0,0,0,0,1,0
185,0,0,0,0,2.0,1,0,0,0,1,2,0
186,0,1,0,1,3.0,1,0,0,0,0,1,0
187,0,0,0,0,0.0,0,0,0,0,0,1,0
189,0,1,0,1,1.0,1,0,0,0,0,2,0
188,0,1,0,1,1.0,1,0,0,0,0,2,0
349,0,1,0,0,2.0,1,0,0,0,1,1,0
352,0,0,0,0,3.0,1,0,0,0,0,1,0
415,0,0,0,1,0.0,0,0,0,0,0,1,1
416,0,0,0,0,0.0,0,0,0,0,1,2,0
417,0,0,0,0,1.0,0,0,0,0,1,2,0
418,0,1,0,0,0.0,0,0,0,0,0,1,0
419,0,0,0,0,0.0,0,0,0,0,0,2,0
420,0,0,0,0,0.0,0,0,0,0,0,2,0
425,0,1,0,0,1.0,1,0,0,0,0,2,0
103,0,0,0,0,0.0,0,0,0,0,0,2,0
111,0,1,0,1,2.0,0,1,0,0,1,0,0
112,0,1,0,1,1.0,0,0,0,0,1,2,0
126,0,0,1,1,2.0,0,1,0,0,0,2,0
222,0,1,0,1,2.0,0,1,0,0,0,2,0
190,0,0,0,0,3.0,0,1,0,0,1,2,0
223,0,1,0,0,0.0,0,0,0,0,1,2,0
224,0,1,0,0,0.0,0,0,0,0,1,2,0
345,0,1,0,0,0.0,0,0,0,0,1,2,0
381,0,1,0,0,0.0,0,0,0,0,0,2,0
382,0,0,0,1,1.0,0,0,0,0,0,2,0
169,0,1,0,1,1.0,1,0,0,0,0,1,0
173,0,0,0,0,2.0,0,1,0,0,1,1,0
174,0,0,0,1,3.0,0,1,0,0,1,2,1
191,0,0,0,1,1.0,0,0,0,0,1,2,0
193,0,0,0,1,2.0,0,0,0,0,1,2,0
194,0,0,0,1,3.0,0,0,0,0,0,0,0
195,0,0,0,0,3.0,1,0,0,0,1,2,0
197,0,1,1,1,1.0,1,0,0,0,1,2,1
243,0,1,0,0,0.0,0,0,0,0,1,1,0
244,0,1,0,1,2.0,1,0,0,0,0,1,0
245,0,1,0,0,2.0,1,0,0,0,0,2,0
246,0,0,0,1,1.0,1,0,0,0,0,2,0
248,0,0,0,1,1.0,1,0,0,1,0,2,1
249,0,0,0,0,1.0,1,0,0,0,2,0,0
250,1,1,0,1,1.0,1,0,0,0,0,2,1
251,0,1,0,1,0.0,0,0,0,0,1,2,0
252,0,0,0,0,2.0,1,0,0,0,0,1,0
253,0,0,0,0,0.0,0,0,0,0,0,2,0
254,0,1,0,1,2.0,0,1,0,0,1,2,1
255,0,0,0,1,1.0,1,0,0,0,0,2,0
256,0,0,0,0,2.0,1,0,0,0,0,2,0
257,0,0,0,1,1.0,1,0,0,0,0,1,0
258,0,0,0,0,3.0,0,1,0,0,0,2,0
259,0,0,0,1,0.0,0,0,0,0,1,2,0
261,0,1,0,0,2.0,0,1,0,0,2,0,0
262,0,0,0,0,3.0,1,0,0,0,0,2,0
263,0,0,0,1,2.0,0,1,0,0,1,1,0
264,0,1,0,1,1.0,1,0,0,0,1,0,0
266,0,1,0,1,1.0,0,0,0,0,0,1,0
269,0,0,0,0,2.0,0,0,0,0,0,1,0
270,0,0,0,0,3.0,0,0,0,0,0,2,0
278,0,0,0,0,2.0,0,0,0,0,0,2,0
279,0,0,0,0,2.0,0,1,0,0,0,2,1
280,0,0,0,0,4.0,1,0,0,0,1,1,0
281,0,1,0,0,2.0,1,0,0,0,0,0,0
282,0,0,0,0,1.0,1,0,0,0,1,1,0
284,0,0,0,1,2.0,0,1,0,0,0,1,0
285,0,1,0,0,0.0,0,0,0,0,1,1,0
286,0,1,0,1,0.0,0,0,0,0,0,1,1
287,0,1,0,1,4.0,0,1,0,0,1,2,0
288,0,1,0,0,0.0,0,0,0,0,1,1,0
289,0,1,0,0,1.0,1,0,0,0,0,2,0
290,1,1,0,0,2.0,0,1,0,0,2,1,1
291,0,0,0,0,3.0,0,1,0,0,1,2,0
293,0,0,0,1,1.0,1,0,0,0,0,1,0
296,0,0,0,0,3.0,1,0,0,0,0,2,0
297,0,1,0,0,0.0,0,0,0,0,1,2,0
298,0,1,0,1,0.0,0,0,0,0,2,1,0
308,0,1,0,0,0.0,0,0,0,0,1,1,0
309,1,0,0,1,2.0,0,1,0,0,0,2,0
310,0,0,0,1,3.0,0,0,0,0,1,1,0
321,0,1,0,0,1.0,1,0,0,1,1,2,1
322,0,0,0,0,1.0,1,0,0,0,1,1,0
338,0,0,0,0,2.0,0,1,0,0,0,1,1
341,0,0,0,1,3.0,0,1,0,1,0,2,0
358,0,0,0,1,2.0,0,1,0,0,0,2,0
360,0,0,0,1,1.0,0,0,0,0,0,2,0
370,0,0,0,1,3.0,1,0,0,0,1,2,0
373,0,0,0,0,2.0,0,1,1,0,0,2,0
374,0,1,0,1,1.0,1,0,0,0,1,1,0
375,0,0,0,0,3.0,0,1,0,0,0,1,0
376,0,0,0,1,0.0,0,0,0,0,0,2,0
377,0,0,0,1,1.0,1,0,1,0,0,1,0
383,0,0,0,1,2.0,1,0,0,0,0,1,0
384,0,0,1,1,2.0,0,1,0,0,0,1,0
391,0,1,0,0,1.0,1,0,0,0,2,2,0
392,0,1,0,1,0.0,0,0,0,0,1,2,1
