id,bmi,Family,estadiGrup,khorana,tipusTumor_HR,tipusTumor_VHR,rs2232698,rs6025,rs5985,rs4524,VTE
1,1,0,1,2.0,0,0,0,0,1,1,1
14,0,0,0,2.0,0,1,0,0,0,1,0
67,0,0,1,1.0,1,0,0,0,0,2,0
91,0,0,1,0.0,0,0,0,0,0,2,0
68,1,0,1,0.0,0,0,0,0,0,2,1
6,0,0,1,2.0,0,1,0,0,0,2,0
164,0,0,1,1.0,0,0,0,0,0,2,0
178,0,0,1,3.0,0,1,0,0,0,0,0
15,0,0,0,0.0,0,0,0,0,0,2,0
10,0,0,0,0.0,0,0,0,0,0,2,0
12,0,1,0,2.0,0,1,0,0,1,1,0
89,1,0,0,3.0,0,1,0,0,1,1,0
179,1,0,1,2.0,0,1,0,0,1,2,1
50,0,0,1,2.0,0,1,0,0,1,2,1
23,1,0,1,1.0,0,0,0,0,0,1,0
63,0,0,0,4.0,0,1,0,0,0,1,0
21,0,0,1,2.0,0,1,0,0,0,2,1
180,0,0,1,4.0,0,1,0,1,0,2,0
92,1,0,0,2.0,0,1,0,0,0,2,1
22,1,0,0,2.0,0,0,0,0,0,1,0
192,0,0,1,2.0,0,1,0,0,2,0,1
69,0,0,1,2.0,0,1,0,0,0,1,0
13,0,0,0,2.0,0,1,0,0,0,2,1
346,0,0,1,1.0,0,0,0,0,1,0,0
25,1,0,0,2.0,0,1,0,0,1,2,0
378,0,0,1,2.0,0,0,0,0,1,2,1
11,0,0,0,2.0,0,1,0,0,0,1,0
2,0,0,0,2.0,0,1,0,0,0,1,0
3,1,0,0,2.0,0,1,0,0,0,2,0
5,0,0,0,3.0,0,1,0,0,0,2,0
162,1,0,0,1.0,0,0,0,0,0,1,0
106,1,0,0,2.0,0,0,0,0,0,1,0
166,0,0,0,3.0,0,0,0,0,0,1,0
379,0,0,1,3.0,0,1,0,0,0,2,1
26,0,0,1,2.0,0,1,0,0,2,1,1
4,0,1,0,2.0,0,0,0,0,0,2,0
17,0,0,1,4.0,0,1,0,0,1,2,0
27,0,0,1,3.0,0,1,0,0,0,1,0
18,0,0,0,2.0,0,1,0,0,1,1,0
20,0,0,1,1.0,0,0,0,0,0,2,1
94,0,0,1,3.0,0,1,0,0,1,2,1
100,0,0,1,3.0,0,1,0,0,2,2,1
110,1,0,0,0.0,0,0,0,0,1,2,1
165,0,0,1,2.0,0,1,0,0,0,2,0
163,0,0,0,2.0,0,1,0,0,0,2,0
433,0,0,1,0.0,0,0,0,0,0,2,1
176,0,0,1,3.0,0,1,0,0,0,2,0
432,0,0,0,2.0,0,1,1,0,1,1,0
440,0,0,1,0.0,0,0,0,0,1,1,0
435,0,0,0,0.0,0,0,0,0,2,2,0
64,0,0,1,2.0,0,1,0,0,0,2,0
445,1,0,1,2.0,0,0,0,0,1,0,0
99,1,0,0,0.0,0,0,0,0,1,2,0
427,1,0,1,2.0,0,1,0,0,1,2,1
109,0,0,1,2.0,0,0,0,0,0,1,0
101,1,0,0,1.0,0,0,0,0,2,2,0
237,1,0,1,2.0,0,0,0,0,1,1,0
108,1,1,0,2.0,0,1,0,0,1,1,1
446,0,0,1,2.0,0,1,0,0,1,2,0
119,1,0,1,2.0,0,1,0,0,1,2,1
124,1,0,1,0.0,0,0,0,0,0,2,0
120,0,0,1,2.0,0,1,0,0,1,2,1
121,0,0,1,2.0,0,1,0,0,0,2,0
438,1,0,0,0.0,0,0,0,0,0,2,1
439,0,0,1,2.0,0,0,0,0,0,2,0
130,1,0,1,3.0,0,1,0,0,1,1,1
129,0,0,0,1.0,0,0,0,0,0,1,0
332,1,0,0,0.0,0,0,0,0,1,1,0
238,0,0,1,2.0,0,1,0,0,0,2,1
431,0,0,0,0.0,0,0,0,0,1,0,0
429,0,0,0,0.0,0,0,0,0,0,0,0
430,0,0,0,0.0,0,0,0,0,0,2,0
421,1,0,0,2.0,0,1,0,0,1,2,1
175,0,0,1,1.0,0,0,0,0,1,1,1
170,1,0,1,2.0,0,1,0,0,0,1,0
426,1,0,1,0.0,0,0,0,0,2,1,0
167,0,0,1,2.0,0,0,0,0,0,2,0
367,0,0,1,0.0,0,0,0,1,0,2,1
340,0,0,0,2.0,0,1,0,0,1,2,0
423,0,0,1,0.0,0,0,0,0,0,2,1
235,0,0,0,0.0,0,0,0,0,0,1,0
365,1,0,0,0.0,0,0,0,0,2,1,0
236,1,1,1,3.0,0,1,0,0,1,2,1
412,1,0,0,0.0,0,0,0,0,0,1,0
402,0,0,0,0.0,0,0,0,0,0,0,0
444,1,0,1,0.0,0,0,0,0,1,1,0
393,1,0,0,0.0,0,0,0,0,0,1,0
361,0,0,0,2.0,0,0,0,0,0,2,0
414,1,0,0,3.0,0,1,0,0,0,2,0
221,0,0,1,2.0,0,1,0,0,0,1,1
406,0,0,1,3.0,0,1,0,0,1,2,0
357,0,0,1,3.0,0,1,0,0,1,1,1
369,0,1,1,2.0,0,1,0,0,1,2,1
443,1,0,0,0.0,0,0,0,0,2,2,0
366,0,0,0,0.0,0,0,0,0,1,2,0
434,1,0,1,0.0,0,0,0,0,0,1,0
436,0,0,1,4.0,0,1,0,0,0,2,0
228,0,0,0,4.0,0,1,0,0,1,2,1
230,0,0,1,3.0,0,1,0,0,0,1,0
229,0,0,1,2.0,0,1,0,0,0,0,0
231,1,0,1,2.0,0,0,0,0,2,2,0
232,1,0,0,0.0,0,0,0,0,1,1,0
442,0,0,0,0.0,0,0,0,0,1,2,0
233,0,0,0,2.0,0,1,0,0,0,1,0
404,1,0,0,0.0,0,0,0,0,0,2,0
407,0,0,1,0.0,0,0,0,0,1,2,0
405,1,1,1,4.0,0,1,0,0,1,2,1
356,1,0,0,3.0,0,0,0,0,0,1,0
362,0,0,0,1.0,0,0,0,0,1,2,0
380,1,0,1,0.0,0,0,1,0,1,1,0
441,1,0,1,3.0,0,1,0,0,1,1,1
324,1,0,0,0.0,0,0,0,0,0,2,0
326,1,0,1,2.0,0,1,0,0,0,2,0
325,0,0,0,2.0,0,1,0,0,0,1,1
410,0,0,1,2.0,0,1,0,0,1,2,0
368,1,0,1,2.0,0,1,0,0,0,2,0
333,1,0,1,0.0,0,0,0,0,1,2,0
329,0,0,1,3.0,0,1,0,0,1,1,0
330,0,0,0,3.0,0,1,0,0,1,2,0
353,0,0,0,3.0,0,0,0,0,0,1,1
354,1,0,0,0.0,0,0,0,0,0,1,0
387,1,0,1,0.0,0,0,0,0,1,1,0
397,0,0,1,3.0,0,1,0,0,1,2,1
408,1,0,0,1.0,0,0,0,0,1,1,0
32,1,0,1,4.0,0,1,0,1,0,1,0
33,0,0,1,3.0,1,0,0,0,1,1,0
34,1,0,1,2.0,1,0,0,0,1,1,0
35,1,0,1,1.0,1,0,0,0,1,1,0
36,0,0,1,2.0,0,1,0,0,0,2,0
37,1,0,1,1.0,1,0,0,0,2,2,0
38,1,0,1,1.0,1,0,0,0,0,2,1
39,0,0,0,2.0,0,1,0,0,0,2,0
40,1,0,1,1.0,1,0,0,0,0,2,0
41,0,0,1,0.0,0,0,0,0,1,2,0
42,1,0,1,1.0,0,0,0,0,1,2,0
43,1,0,1,1.0,0,0,0,0,1,2,0
44,1,0,0,2.0,0,1,0,0,1,0,0
105,0,0,0,1.0,0,0,0,0,1,1,0
113,0,0,0,3.0,0,1,0,0,0,1,0
122,1,0,0,1.0,0,0,0,0,0,2,0
128,1,0,1,2.0,0,1,0,0,1,1,0
227,1,0,0,0.0,0,0,0,0,1,1,0
239,1,0,1,3.0,0,1,0,0,0,0,0
240,0,0,0,2.0,0,1,0,0,1,2,0
241,0,0,0,2.0,0,1,0,0,0,1,0
242,1,0,1,2.0,0,1,0,0,0,2,0
267,1,0,0,1.0,0,0,0,0,0,2,0
268,1,0,0,3.0,0,1,0,0,0,0,0
272,1,0,1,3.0,0,1,0,0,0,2,1
271,0,0,0,0.0,0,0,0,0,0,2,0
273,0,0,0,2.0,0,1,0,0,0,2,0
283,1,0,0,0.0,0,0,0,0,0,1,0
303,1,0,0,3.0,1,0,0,1,0,2,0
304,1,0,0,0.0,0,0,0,0,0,2,0
305,1,0,1,0.0,0,0,0,0,0,2,1
311,1,0,0,1.0,1,0,0,0,1,0,0
312,0,0,0,0.0,0,0,0,0,0,0,0
328,0,0,1,3.0,0,1,0,0,1,2,0
363,1,0,0,1.0,0,0,1,0,0,1,1
364,0,0,1,0.0,0,0,0,0,1,0,0
371,0,0,0,4.0,0,1,1,0,0,2,1
372,1,0,0,1.0,0,0,0,0,0,1,0
389,0,0,0,2.0,0,1,0,0,2,2,0
395,1,0,0,0.0,0,0,0,0,0,1,0
399,1,0,0,0.0,0,0,0,0,2,2,0
400,0,0,1,3.0,0,1,0,0,1,0,0
51,1,0,0,0.0,0,0,0,0,0,1,1
52,1,0,0,2.0,0,1,0,0,1,0,0
53,0,0,0,0.0,0,0,0,0,1,2,1
54,0,0,0,2.0,0,1,0,0,0,2,0
55,1,0,1,2.0,0,1,0,0,0,2,1
56,0,0,0,3.0,0,1,0,0,1,2,0
57,1,0,1,2.0,0,1,0,0,0,1,0
58,0,0,0,2.0,0,1,0,0,1,1,0
59,1,0,1,3.0,0,1,0,0,0,1,0
60,0,0,1,2.0,0,0,0,0,2,1,1
61,1,0,1,2.0,0,1,0,0,0,1,1
62,1,0,0,0.0,0,0,0,0,0,1,0
66,1,0,0,3.0,0,1,0,0,1,1,0
95,1,0,0,1.0,0,0,0,0,0,2,1
96,0,0,1,2.0,0,0,0,0,1,2,0
97,0,0,0,2.0,0,1,0,0,0,2,1
98,1,0,1,0.0,0,0,0,0,0,2,0
201,0,0,1,3.0,0,1,0,0,0,2,0
159,1,0,0,1.0,0,0,0,0,1,1,0
157,0,0,1,2.0,0,1,0,0,0,2,0
160,0,0,0,1.0,0,0,0,0,0,1,0
131,1,0,0,0.0,0,0,0,0,0,2,0
133,1,0,0,0.0,0,0,0,0,0,2,1
140,0,0,0,0.0,0,0,0,0,0,2,0
132,0,0,1,0.0,0,0,0,0,1,2,0
134,0,0,0,0.0,0,0,0,0,0,2,0
139,1,0,0,0.0,0,0,0,1,1,1,0
200,1,0,1,0.0,0,0,0,0,1,1,0
202,1,0,0,0.0,0,0,0,0,0,1,0
203,0,0,0,2.0,0,1,0,0,1,2,0
204,0,0,0,2.0,0,1,0,0,0,2,0
205,0,0,0,0.0,0,0,0,0,1,2,0
207,0,0,0,2.0,0,1,0,0,0,2,0
208,1,0,0,1.0,0,0,0,0,1,2,0
216,0,0,0,0.0,0,0,0,0,1,2,0
209,1,0,1,0.0,0,0,0,0,1,1,1
210,0,0,0,0.0,0,0,0,0,1,2,0
211,0,0,1,4.0,0,1,0,0,0,2,0
212,0,0,0,1.0,0,0,0,0,0,2,0
213,0,0,0,3.0,0,0,0,0,0,2,0
214,1,0,0,0.0,0,0,0,0,0,1,0
215,0,1,0,1.0,0,0,0,0,1,2,0
306,0,0,1,2.0,0,1,0,0,2,1,0
307,1,0,0,1.0,0,0,0,0,0,2,0
314,0,0,0,0.0,0,0,0,0,1,2,0
315,1,0,1,0.0,0,0,0,0,2,1,0
316,0,0,0,0.0,0,0,0,0,0,1,0
317,0,0,1,0.0,0,0,0,0,0,2,0
318,1,0,0,3.0,0,1,0,0,0,1,0
319,1,0,0,0.0,0,0,0,0,1,2,0
336,0,0,1,0.0,0,0,0,0,0,2,0
337,0,0,0,0.0,0,0,0,0,0,2,0
347,1,0,0,0.0,0,0,0,0,0,2,0
390,1,0,1,0.0,0,0,0,0,1,2,0
394,0,0,0,0.0,0,0,0,0,0,1,0
401,1,0,0,2.0,0,1,0,0,0,2,1
398,0,0,0,0.0,0,0,0,0,1,2,0
411,1,0,0,2.0,0,1,0,0,0,1,1
70,1,0,0,4.0,1,0,0,0,0,2,0
71,0,0,0,2.0,1,0,0,0,1,1,0
72,0,0,0,2.0,1,0,0,0,0,2,0
73,0,0,0,4.0,1,0,0,0,0,2,0
74,0,0,0,2.0,0,1,0,0,1,2,0
75,1,0,0,2.0,1,0,0,0,0,1,0
77,0,0,1,3.0,1,0,0,1,0,2,0
78,1,0,1,1.0,1,0,0,0,0,1,0
79,0,0,1,2.0,1,0,0,0,0,2,1
80,0,0,0,3.0,1,0,0,0,0,2,0
81,1,0,1,2.0,1,0,0,0,1,1,0
82,1,0,0,2.0,1,0,0,0,0,2,0
83,1,0,0,3.0,1,0,0,0,0,2,1
84,0,0,1,2.0,1,0,0,0,1,2,0
85,0,0,1,3.0,1,0,1,0,1,2,0
86,0,0,1,1.0,1,0,1,0,1,1,1
87,0,0,0,1.0,1,0,0,0,0,2,0
88,0,0,0,1.0,1,0,0,0,0,1,0
295,0,0,1,2.0,0,1,0,0,0,2,0
299,0,0,0,0.0,0,0,0,0,0,1,0
300,1,0,1,2.0,0,1,0,0,0,2,0
301,0,0,0,2.0,0,1,0,0,1,2,0
302,0,0,0,2.0,0,1,0,0,0,2,0
323,1,0,1,1.0,0,0,0,0,1,2,0
327,1,0,1,4.0,0,0,0,0,0,2,0
339,0,0,0,2.0,0,1,0,0,0,2,0
348,1,0,0,0.0,0,0,0,0,0,2,0
385,1,0,0,0.0,0,0,0,0,0,1,0
386,1,0,0,1.0,0,0,0,0,0,2,0
396,1,0,1,3.0,0,1,0,0,0,1,0
28,0,0,1,1.0,1,0,0,0,1,1,0
30,1,0,1,1.0,1,0,0,0,0,2,0
31,1,0,1,2.0,1,0,0,0,0,2,0
45,0,0,1,4.0,0,1,0,0,0,2,0
46,1,0,0,1.0,1,0,0,0,1,2,0
47,0,0,1,3.0,1,0,0,0,0,2,0
48,1,0,1,1.0,1,0,0,0,0,1,0
49,0,0,1,1.0,1,0,0,0,1,2,0
114,1,0,1,2.0,1,0,0,0,1,2,0
115,1,0,1,1.0,1,0,0,0,2,2,0
117,0,0,0,1.0,1,0,0,0,2,2,0
118,0,0,1,1.0,1,0,0,0,1,2,1
125,1,0,1,3.0,1,0,1,0,0,1,1
127,1,0,1,1.0,1,0,0,0,1,1,0
161,1,1,0,2.0,1,0,0,0,0,2,0
217,1,0,0,1.0,1,0,0,0,0,2,0
219,0,1,0,2.0,1,0,0,0,0,2,0
220,0,0,1,1.0,1,0,0,0,1,1,0
225,1,0,0,1.0,1,0,0,0,0,1,0
226,1,0,0,3.0,1,0,0,0,0,2,1
275,1,0,1,1.0,1,0,0,0,2,2,1
276,1,0,0,2.0,1,0,0,0,1,2,0
277,1,1,0,2.0,1,0,0,0,0,2,0
334,1,0,0,1.0,1,0,0,0,1,2,0
335,1,0,0,1.0,1,0,0,0,0,2,0
135,1,0,0,1.0,0,0,0,0,1,2,0
137,0,1,0,1.0,0,0,0,0,0,1,0
138,1,0,1,2.0,0,0,0,0,0,1,1
144,1,0,1,1.0,0,0,0,0,0,1,0
148,1,0,1,2.0,0,0,0,0,0,1,0
141,0,0,0,1.0,0,0,0,0,1,2,0
142,1,0,0,1.0,0,0,0,0,1,2,0
143,0,1,0,0.0,0,0,0,0,0,1,1
147,1,0,0,0.0,0,0,0,0,1,2,0
145,1,0,0,0.0,0,0,0,0,1,2,0
149,0,0,0,0.0,0,0,0,0,0,2,0
146,1,1,1,0.0,0,0,0,0,1,2,0
150,0,1,0,1.0,0,0,0,0,1,2,0
152,1,0,0,0.0,0,0,0,0,1,2,0
158,1,0,0,0.0,0,0,0,0,0,0,0
153,1,0,1,2.0,0,0,0,0,1,2,1
154,0,0,0,0.0,0,0,0,0,0,1,0
155,0,1,1,1.0,0,0,0,0,0,1,0
156,0,0,1,0.0,0,0,0,0,0,2,0
182,1,0,0,1.0,1,0,0,0,1,1,0
183,1,0,1,1.0,1,0,0,0,1,2,0
184,1,0,0,3.0,1,0,0,0,0,1,0
185,0,0,0,2.0,1,0,0,0,1,2,0
186,1,0,1,3.0,1,0,0,0,0,1,0
187,0,0,0,0.0,0,0,0,0,0,1,0
189,1,0,1,1.0,1,0,0,0,0,2,0
188,1,0,1,1.0,1,0,0,0,0,2,0
349,1,0,0,2.0,1,0,0,0,1,1,0
352,0,0,0,3.0,1,0,0,0,0,1,0
415,0,0,1,0.0,0,0,0,0,0,1,1
416,0,0,0,0.0,0,0,0,0,1,2,0
417,0,0,0,1.0,0,0,0,0,1,2,0
418,1,0,0,0.0,0,0,0,0,0,1,0
419,0,0,0,0.0,0,0,0,0,0,2,0
420,0,0,0,0.0,0,0,0,0,0,2,0
425,1,0,0,1.0,1,0,0,0,0,2,0
103,0,0,0,0.0,0,0,0,0,0,2,0
111,1,0,1,2.0,0,1,0,0,1,0,0
112,1,0,1,1.0,0,0,0,0,1,2,0
126,0,1,1,2.0,0,1,0,0,0,2,0
222,1,0,1,2.0,0,1,0,0,0,2,0
190,0,0,0,3.0,0,1,0,0,1,2,0
223,1,0,0,0.0,0,0,0,0,1,2,0
224,1,0,0,0.0,0,0,0,0,1,2,0
342,1,0,0,,0,0,0,0,0,2,0
345,1,0,0,0.0,0,0,0,0,1,2,0
381,1,0,0,0.0,0,0,0,0,0,2,0
382,0,0,1,1.0,0,0,0,0,0,2,0
169,1,0,1,1.0,1,0,0,0,0,1,0
173,0,0,0,2.0,0,1,0,0,1,1,0
174,0,0,1,3.0,0,1,0,0,1,2,1
191,0,0,1,1.0,0,0,0,0,1,2,0
193,0,0,1,2.0,0,0,0,0,1,2,0
194,0,0,1,3.0,0,0,0,0,0,0,0
195,0,0,0,3.0,1,0,0,0,1,2,0
197,1,1,1,1.0,1,0,0,0,1,2,1
243,1,0,0,0.0,0,0,0,0,1,1,0
244,1,0,1,2.0,1,0,0,0,0,1,0
245,1,0,0,2.0,1,0,0,0,0,2,0
246,0,0,1,1.0,1,0,0,0,0,2,0
248,0,0,1,1.0,1,0,0,1,0,2,1
249,0,0,0,1.0,1,0,0,0,2,0,0
251,1,0,1,0.0,0,0,0,0,1,2,0
252,0,0,0,2.0,1,0,0,0,0,1,0
253,0,0,0,0.0,0,0,0,0,0,2,0
254,1,0,1,2.0,0,1,0,0,1,2,1
255,0,0,1,1.0,1,0,0,0,0,2,0
256,0,0,0,2.0,1,0,0,0,0,2,0
257,0,0,1,1.0,1,0,0,0,0,1,0
258,0,0,0,3.0,0,1,0,0,0,2,0
259,0,0,1,0.0,0,0,0,0,1,2,0
261,1,0,0,2.0,0,1,0,0,2,0,0
262,0,0,0,3.0,1,0,0,0,0,2,0
263,0,0,1,2.0,0,1,0,0,1,1,0
264,1,0,1,1.0,1,0,0,0,1,0,0
266,1,0,1,1.0,0,0,0,0,0,1,0
269,0,0,0,2.0,0,0,0,0,0,1,0
270,0,0,0,3.0,0,0,0,0,0,2,0
278,0,0,0,2.0,0,0,0,0,0,2,0
279,0,0,0,2.0,0,1,0,0,0,2,1
280,0,0,0,4.0,1,0,0,0,1,1,0
281,1,0,0,2.0,1,0,0,0,0,0,0
282,0,0,0,1.0,1,0,0,0,1,1,0
284,0,0,1,2.0,0,1,0,0,0,1,0
285,1,0,0,0.0,0,0,0,0,1,1,0
286,1,0,1,0.0,0,0,0,0,0,1,1
287,1,0,1,4.0,0,1,0,0,1,2,0
288,1,0,0,0.0,0,0,0,0,1,1,0
289,1,0,0,1.0,1,0,0,0,0,2,0
291,0,0,0,3.0,0,1,0,0,1,2,0
293,0,0,1,1.0,1,0,0,0,0,1,0
296,0,0,0,3.0,1,0,0,0,0,2,0
297,1,0,0,0.0,0,0,0,0,1,2,0
298,1,0,1,0.0,0,0,0,0,2,1,0
308,1,0,0,0.0,0,0,0,0,1,1,0
310,0,0,1,3.0,0,0,0,0,1,1,0
321,1,0,0,1.0,1,0,0,1,1,2,1
322,0,0,0,1.0,1,0,0,0,1,1,0
338,0,0,0,2.0,0,1,0,0,0,1,1
341,0,0,1,3.0,0,1,0,1,0,2,0
358,0,0,1,2.0,0,1,0,0,0,2,0
360,0,0,1,1.0,0,0,0,0,0,2,0
370,0,0,1,3.0,1,0,0,0,1,2,0
373,0,0,0,2.0,0,1,1,0,0,2,0
374,1,0,1,1.0,1,0,0,0,1,1,0
375,0,0,0,3.0,0,1,0,0,0,1,0
376,0,0,1,0.0,0,0,0,0,0,2,0
377,0,0,1,1.0,1,0,1,0,0,1,0
383,0,0,1,2.0,1,0,0,0,0,1,0
384,0,1,1,2.0,0,1,0,0,0,1,0
391,1,0,0,1.0,1,0,0,0,2,2,0
392,1,0,1,0.0,0,0,0,0,1,2,1
